Address,Price,Size,Room Count
"Danziger Straße 73 (WE 200), Prenzlauer Berg, Berlin",2.599 €,"138,35 m²","<span class=""onlyLarge"">4</span>"
"Grünauer Straße  29, Köpenick, Berlin",1.699 €,"70,91 m²","<span class=""onlyLarge"">2</span>"
"Röbellweg 4/6, Buch, Berlin","1.931,61 €","124,62 m²","<span class=""onlyLarge"">4</span>"
"Röbellweg 10, Buch, Berlin","1.774,29 €","114,47 m²","<span class=""onlyLarge"">4</span>"
"Fischerinsel 13-15, Mitte (Ortsteil), Berlin",995 €,51 m²,"<span class=""onlyLarge"">1</span>"
"Rosenthaler Str. 45, Mitte (Ortsteil), Berlin",3.150 €,93 m²,"<span class=""onlyLarge"">3</span>"
"Heisenbergstraße 5, Charlottenburg, Berlin",3.100 €,113 m²,"<span class=""onlyLarge"">4</span>"
"Boxhagener Str. 114, Friedrichshain, Berlin",2.500 €,108 m²,"<span class=""onlyLarge"">3</span>"
"Rodenbergstraße 1, Prenzlauer Berg, Berlin",2.440 €,117 m²,"<span class=""onlyLarge"">3</span>"
"Freienwalder Str. 19A, Gesundbrunnen, Berlin",2.090 €,90 m²,"<span class=""onlyLarge"">3</span>"
"Ibsenstraße 16, Prenzlauer Berg, Berlin",1.690 €,80 m²,"<span class=""onlyLarge"">3</span>"
"Winsstraße 53, Prenzlauer Berg, Berlin",1.900 €,106 m²,"<span class=""onlyLarge"">4</span>"
"Kurfürstenstraße 44, Tiergarten, Berlin",1.890 €,71 m²,"<span class=""onlyLarge"">3</span>"
"Mühlenstraße 61-64, Friedrichshain, Berlin","3.206,58 €","123,33 m²","<span class=""onlyLarge"">3</span>"
"An der Villa Bolle 3A, Köpenick, Berlin","1.584,99 €","94,45 m²","<span class=""onlyLarge"">4</span>"
"Heidelberger Straße 29, Neukölln (Ortsteil), Berlin",520 €,40 m²,"<span class=""onlyLarge"">1</span>"
"Adolf-Wermuth-Allee 05-L-E2-WE155, Karlshorst, Berlin",Price not found,Size not found,
"Kastanienallee 51, Hellersdorf, Berlin",Price not found,Size not found,
"Danziger Straße 73 (WE 200), Prenzlauer Berg, Berlin",2.599 €,"138,35 m²","<span class=""onlyLarge"">4</span>"
"Grünauer Straße  29, Köpenick, Berlin",1.699 €,"70,91 m²","<span class=""onlyLarge"">2</span>"
"Röbellweg 4/6, Buch, Berlin","1.931,61 €","124,62 m²","<span class=""onlyLarge"">4</span>"
"Röbellweg 10, Buch, Berlin","1.774,29 €","114,47 m²","<span class=""onlyLarge"">4</span>"
"Fischerinsel 13-15, Mitte (Ortsteil), Berlin",995 €,51 m²,"<span class=""onlyLarge"">1</span>"
"Dennewitzstr. 42, Kreuzberg, Berlin",Price not found,Size not found,
"Rosenthaler Str. 45, Mitte (Ortsteil), Berlin",3.150 €,93 m²,"<span class=""onlyLarge"">3</span>"
"Heisenbergstraße 5, Charlottenburg, Berlin",3.100 €,113 m²,"<span class=""onlyLarge"">4</span>"
"Boxhagener Str. 114, Friedrichshain, Berlin",2.500 €,108 m²,"<span class=""onlyLarge"">3</span>"
"Rodenbergstraße 1, Prenzlauer Berg, Berlin",2.440 €,117 m²,"<span class=""onlyLarge"">3</span>"
"Freienwalder Str. 19A, Gesundbrunnen, Berlin",2.090 €,90 m²,"<span class=""onlyLarge"">3</span>"
"Ibsenstraße 16, Prenzlauer Berg, Berlin",1.690 €,80 m²,"<span class=""onlyLarge"">3</span>"
"Winsstraße 53, Prenzlauer Berg, Berlin",1.900 €,106 m²,"<span class=""onlyLarge"">4</span>"
"Kurfürstenstraße 44, Tiergarten, Berlin",1.890 €,71 m²,"<span class=""onlyLarge"">3</span>"
"Mühlenstraße 61-64, Friedrichshain, Berlin","3.206,58 €","123,33 m²","<span class=""onlyLarge"">3</span>"
"Mühlenstraße 61-64, Friedrichshain, Berlin",Price not found,Size not found,
"An der Villa Bolle 3A, Köpenick, Berlin","1.584,99 €","94,45 m²","<span class=""onlyLarge"">4</span>"
"Heidelberger Straße 29, Neukölln (Ortsteil), Berlin",520 €,40 m²,"<span class=""onlyLarge"">1</span>"
"Charlottenburg, Berlin",1.250 €,46 m²,"<span class=""onlyLarge"">2</span>"
"Carl-Spindler-Straße 1, Köpenick, Berlin",700 €,37 m²,"<span class=""onlyLarge"">1</span>"
"Johannisberger Str. 10, Wilmersdorf, Berlin",1.900 €,62 m²,"<span class=""onlyLarge"">2</span>"
"Zehlendorf, Berlin",1.950 €,70 m²,"<span class=""onlyLarge"">3</span>"
"Droysenstraße 2, Charlottenburg, Berlin",3.590 €,178 m²,"<span class=""onlyLarge"">5</span>"
"Götelstr -, Wilhelmstadt, Berlin",2.190 €,113 m²,"<span class=""onlyLarge"">4</span>"
"Prenzlauer Berg, Berlin",2.200 €,"82,16 m²","<span class=""onlyLarge"">3</span>"
"Kurfürstenstraße 136, Schöneberg, Berlin",1.800 €,"81,75 m²","<span class=""onlyLarge"">2</span>"
"Simon-Bolivar-Str. 50, Alt-Hohenschönhausen, Berlin",Price not found,Size not found,
"Charlottenburg, Berlin",2.250 €,75 m²,"<span class=""onlyLarge"">3</span>"
"Gesundbrunnen, Berlin",1.800 €,62 m²,"<span class=""onlyLarge"">2</span>"
"Lützowstraße 110B, Tiergarten, Berlin",3.090 €,"116,5 m²","<span class=""onlyLarge"">3</span>"
"Schmargendorf, Berlin",1.200 €,50 m²,"<span class=""onlyLarge"">1,5</span>"
"Rykestr. 50, Prenzlauer Berg, Berlin","2.712,14 €","99,39 m²","<span class=""onlyLarge"">4</span>"
"Sonnenallee 38, Neukölln (Ortsteil), Berlin",745 €,110 m²,"<span class=""onlyLarge"">3</span>"
"Friedrichshain, Berlin",990 €,"30,3 m²","<span class=""onlyLarge"">1</span>"
"Alte Potsdamer Straße 11, Tiergarten, Berlin",2.197 €,"118,21 m²","<span class=""onlyLarge"">2</span>"
"Sollmannweg 7, Gropiusstadt, Berlin",900 €,90 m²,"<span class=""onlyLarge"">4</span>"
"Mulackstraße 3, Mitte (Ortsteil), Berlin","1.543,17 €","53,14 m²","<span class=""onlyLarge"">2</span>"
"Pauline-Staegemann-Straße 6, Friedrichshain, Berlin","1.907,16 €","82,92 m²","<span class=""onlyLarge"">3</span>"
"Pauline-Staegemann-Straße 4, Friedrichshain, Berlin",2.072 €,"90,13 m²","<span class=""onlyLarge"">3</span>"
"Prenzlauer Berg, Berlin",1.470 €,"80,37 m²","<span class=""onlyLarge"">3</span>"
"Moabit, Berlin",1.350 €,58 m²,"<span class=""onlyLarge"">2</span>"
"Schöneberg, Berlin",4.300 €,185 m²,"<span class=""onlyLarge"">3</span>"
"Friedenau, Berlin",4.950 €,312 m²,"<span class=""onlyLarge"">7</span>"
"Hannoversche straße 22, Mitte (Ortsteil), Berlin",1.300 €,48 m²,"<span class=""onlyLarge"">1</span>"
"Vogelsdorfer Steig 28, Rahnsdorf, Berlin",1.800 €,"164,16 m²","<span class=""onlyLarge"">4</span>"
"Urbanstr 96a, Kreuzberg, Berlin",2.244 €,"88,99 m²","<span class=""onlyLarge"">4</span>"
"Kreuzberg, Berlin",4.900 €,290 m²,"<span class=""onlyLarge"">8</span>"
"Clara-Mleinek-Straße 3, Moabit, Berlin",Price not found,Size not found,
"Moabit, Berlin",1.900 €,152 m²,"<span class=""onlyLarge"">4</span>"
"Wilmersdorf, Berlin",5.200 €,211 m²,"<span class=""onlyLarge"">5</span>"
"Oderstraße 194, Neukölln (Ortsteil), Berlin",1.440 €,61 m²,"<span class=""onlyLarge"">1</span>"
"Marienfelde, Berlin",1.200 €,74 m²,"<span class=""onlyLarge"">2,5</span>"
"Adlershof, Berlin",1.095 €,"55,16 m²","<span class=""onlyLarge"">2</span>"
"Mehrower Allee 20A, Marzahn, Berlin",649 €,29 m²,"<span class=""onlyLarge"">1</span>"
"Günzelstrasse 59, Wilmersdorf, Berlin",3.000 €,185 m²,"<span class=""onlyLarge"">4</span>"
"Gubener Str. 25, Friedrichshain, Berlin",2.479 €,"99,12 m²","<span class=""onlyLarge"">2</span>"
"Leipziger Straße 49, Mitte (Ortsteil), Berlin",2.000 €,99 m²,"<span class=""onlyLarge"">3</span>"
"Kurfürstenstr 43, Tiergarten, Berlin",2.550 €,"70,54 m²","<span class=""onlyLarge"">3</span>"
"Wallstraße 19, Mitte (Ortsteil), Berlin",3.200 €,"137,44 m²","<span class=""onlyLarge"">4</span>"
"Nonnendammallee 96, Siemensstadt, Berlin",2.120 €,"174,93 m²","<span class=""onlyLarge"">4</span>"
"Ribbecker Straße 62, Friedrichsfelde, Berlin","1.643,60 €","117,4 m²","<span class=""onlyLarge"">4</span>"
"Fuggerstraße 24, Schöneberg, Berlin",1.215 €,103 m²,"<span class=""onlyLarge"">3</span>"
"Tabbertstraße 35, Oberschöneweide, Berlin","1.145,52 €","63,64 m²","<span class=""onlyLarge"">2</span>"
"Kastanienallee 00, Mitte (Ortsteil), Berlin",4.990 €,145 m²,"<span class=""onlyLarge"">3</span>"
"Goebenstraße 15, Schöneberg, Berlin",2.680 €,66 m²,"<span class=""onlyLarge"">2</span>"
"Monbijoustraße 1, Mitte (Ortsteil), Berlin","5.177,72 €","158,34 m²","<span class=""onlyLarge"">3</span>"
"Aaron-Bernstein-Platz 4, Mitte (Ortsteil), Berlin",3.200 €,113 m²,"<span class=""onlyLarge"">3</span>"
"Fontanepromenade 1, Kreuzberg, Berlin","890,60 €","28,62 m²","<span class=""onlyLarge"">1</span>"
"Köpenick, Berlin",1.320 €,61 m²,"<span class=""onlyLarge"">2</span>"
"Buckow, Berlin",2.550 €,215 m²,"<span class=""onlyLarge"">7</span>"
"Wernsdorfer Str 3, Schmöckwitz, Berlin","1.121,14 €","104,78 m²","<span class=""onlyLarge"">3</span>"
"Wernsdorfer Str. 3, Schmöckwitz, Berlin","1.159,88 €","108,4 m²","<span class=""onlyLarge"">3</span>"
"Charlottenburg, Berlin",2.750 €,92 m²,"<span class=""onlyLarge"">3</span>"
"Perleberger Straße 29, Moabit, Berlin",1.300 €,"62,68 m²","<span class=""onlyLarge"">2</span>"
"Friedrichshain, Berlin",3.000 €,230 m²,"<span class=""onlyLarge"">5</span>"
"Ackerstraße 63, Gesundbrunnen, Berlin",2.000 €,39 m²,"<span class=""onlyLarge"">2</span>"
"Pufendorfstrasse 5, Friedrichshain, Berlin",1.990 €,77 m²,"<span class=""onlyLarge"">3</span>"
"Heiligenberger Strasse 24, Karlshorst, Berlin",2.690 €,107 m²,"<span class=""onlyLarge"">4</span>"
"Kurfürstenstraße 45, Schöneberg, Berlin",3.290 €,102 m²,"<span class=""onlyLarge"">4</span>"
"Rodenbergstraße 1, Prenzlauer Berg, Berlin",1.600 €,68 m²,"<span class=""onlyLarge"">2</span>"
"Ilmenauer Str. 9, Schmargendorf, Berlin","932,52 €","77,71 m²","<span class=""onlyLarge"">2</span>"
"Friedrichstraße 215, Kreuzberg, Berlin",1.980 €,65 m²,"<span class=""onlyLarge"">2</span>"
"Chausseestraße 19, Mitte (Ortsteil), Berlin",1.600 €,51 m²,"<span class=""onlyLarge"">1</span>"
"Johanniterstraße 30, Kreuzberg, Berlin",1.310 €,52 m²,"<span class=""onlyLarge"">2</span>"
"Krossener Str. 11A, Friedrichshain, Berlin",1.900 €,93 m²,"<span class=""onlyLarge"">4</span>"
"Glatzer Str. 2, Friedrichshain, Berlin",2.290 €,89 m²,"<span class=""onlyLarge"">3</span>"
"Gabriel-Max-Straße 16, Friedrichshain, Berlin",1.690 €,52 m²,"<span class=""onlyLarge"">2</span>"
"Seydelstraße 10, Mitte (Ortsteil), Berlin",2.416 €,"89,49 m²","<span class=""onlyLarge"">3</span>"
"Gabriele-Tergit-Promenade 21, Tiergarten, Berlin",1.900 €,44 m²,"<span class=""onlyLarge"">2</span>"
"Rüdesheimer Straße 2, Wilmersdorf, Berlin",3.599 €,"190,13 m²","<span class=""onlyLarge"">5</span>"
"Konstanzer Straße 12, Wilmersdorf, Berlin",1.500 €,62 m²,"<span class=""onlyLarge"">2</span>"
"Johannisstraße 18, Mitte (Ortsteil), Berlin",2.650 €,"63,5 m²","<span class=""onlyLarge"">2</span>"
"Am Köllnischen Park 16, Mitte (Ortsteil), Berlin",1.545 €,36 m²,"<span class=""onlyLarge"">1</span>"
"Stallschreiberstraße 25, Mitte (Ortsteil), Berlin",2.100 €,"72,7 m²","<span class=""onlyLarge"">3</span>"
"Schönhauser Allee 111, Prenzlauer Berg, Berlin",1.625 €,"81,25 m²","<span class=""onlyLarge"">3</span>"
"Stallschreiberstraße 27, Mitte (Ortsteil), Berlin",2.835 €,97 m²,"<span class=""onlyLarge"">3</span>"
"Wilmersdorf, Berlin",4.760 €,280 m²,"<span class=""onlyLarge"">8</span>"
"Niebuhrstr. 78, Charlottenburg, Berlin",3.500 €,207 m²,"<span class=""onlyLarge"">5,5</span>"
"Mitte (Ortsteil), Berlin",2.720 €,69 m²,"<span class=""onlyLarge"">2</span>"
"Spreestr. 4, Niederschöneweide, Berlin",1.700 €,134 m²,"<span class=""onlyLarge"">4</span>"
"Friedenstraße  60, Friedrichshain, Berlin","1.840,20 €","122,68 m²","<span class=""onlyLarge"">4</span>"
"Am Maselakepark 11, Hakenfelde, Berlin",Price not found,Size not found,
"Griegstraße 13, Grunewald, Berlin","3.712,50 €",275 m²,"<span class=""onlyLarge"">8</span>"
"Helgoländer  Ufer, Moabit, Berlin",2.990 €,140 m²,"<span class=""onlyLarge"">4</span>"
"Aaron-Bernstein-Platz 4, Mitte (Ortsteil), Berlin",3.500 €,"98,75 m²","<span class=""onlyLarge"">3</span>"
"Kaiser-Friedrich-Str. 25, Charlottenburg, Berlin",2.125 €,"114,73 m²","<span class=""onlyLarge"">4</span>"
"Straßburger Straße 40, Spandau (Ortsteil), Berlin","2.046,87 €","107,73 m²","<span class=""onlyLarge"">3</span>"
"Sensburger Allee 25, Westend, Berlin",750 €,66 m²,"<span class=""onlyLarge"">2</span>"
"Kaiserstraße 4, Lichterfelde, Berlin",1.511 €,"95,94 m²","<span class=""onlyLarge"">3</span>"
"Schöneberg, Berlin",2.100 €,100 m²,"<span class=""onlyLarge"">3</span>"
"Emser Straße 37, Wilmersdorf, Berlin",6.200 €,"153,81 m²","<span class=""onlyLarge"">5</span>"
"Lehmbruckstr 19, Friedrichshain, Berlin",1.900 €,76 m²,"<span class=""onlyLarge"">3</span>"
"Müggelseedamm 270, Friedrichshagen, Berlin","8.274,60 €","275,82 m²","<span class=""onlyLarge"">8</span>"
"Mühlenstraße 20, Friedrichshain, Berlin",2.150 €,72 m²,"<span class=""onlyLarge"">3</span>"
"Schadowstraße 3, Mitte (Ortsteil), Berlin",2.197 €,85 m²,"<span class=""onlyLarge"">2</span>"
"Charlottenburg, Berlin",2.000 €,78 m²,"<span class=""onlyLarge"">3</span>"
"Mitte (Ortsteil), Berlin","2.521,87 €","132,73 m²","<span class=""onlyLarge"">3</span>"
"Chausseestraße 122, Mitte (Ortsteil), Berlin",2.100 €,70 m²,"<span class=""onlyLarge"">2</span>"
"Prenzlauer Berg, Berlin",1.580 €,"89,5 m²","<span class=""onlyLarge"">3</span>"
"Rummelsburg, Berlin",2.300 €,"114,5 m²","<span class=""onlyLarge"">4</span>"
"Wendenschloßstr. 252, Köpenick, Berlin","1.584,69 €","94,53 m²","<span class=""onlyLarge"">4</span>"
"Wendenschloßstr. 254, Köpenick, Berlin","1.958,81 €","120,93 m²","<span class=""onlyLarge"">5</span>"
"Wendenschloßstr. 254, Köpenick, Berlin","1.587,65 €","94,9 m²","<span class=""onlyLarge"">4</span>"
"Prenzlauer Berg, Berlin",1.750 €,40 m²,"<span class=""onlyLarge"">1</span>"
"Reulestraße 14, Mariendorf, Berlin",1.680 €,65 m²,"<span class=""onlyLarge"">3</span>"
"Karlshafener Straße 22, Mahlsdorf, Berlin",2.115 €,"120,7 m²","<span class=""onlyLarge"">5</span>"
"Grunewald, Berlin",4.550 €,"261,04 m²","<span class=""onlyLarge"">5</span>"
"Karlshafener Straße 22, Mahlsdorf, Berlin",1.180 €,60 m²,"<span class=""onlyLarge"">2,5</span>"
"Schöneberg, Berlin",2.400 €,"162,45 m²","<span class=""onlyLarge"">5</span>"
"Lydia-Rabinowitsch-Str. 14, Moabit, Berlin",1.780 €,50 m²,"<span class=""onlyLarge"">2</span>"
"Neukölln (Ortsteil), Berlin",1.280 €,72 m²,"<span class=""onlyLarge"">2</span>"
"Rathenower Str. 13, Moabit, Berlin",1.800 €,"73,31 m²","<span class=""onlyLarge"">3</span>"
"Clayallee 348B, Zehlendorf, Berlin",1.259 €,"69,95 m²","<span class=""onlyLarge"">3,5</span>"
"An der Villa Bolle 3A, Köpenick, Berlin","1.575,79 €","101,37 m²","<span class=""onlyLarge"">4</span>"
"Wendenschloßstr. 262, Köpenick, Berlin","1.837,26 €","115,85 m²","<span class=""onlyLarge"">4</span>"
"Wendenschloßstr. 262, Köpenick, Berlin","1.421,24 €","88,29 m²","<span class=""onlyLarge"">4</span>"
"Stendaler Straße 71, Hellersdorf, Berlin",639 €,"53,98 m²","<span class=""onlyLarge"">2</span>"
"Genter Straße 4, Wedding, Berlin",1.100 €,125 m²,"<span class=""onlyLarge"">5</span>"
"Hektorstrasse 5, Halensee, Berlin",1.850 €,115 m²,"<span class=""onlyLarge"">3</span>"
"Thomasstraße 5, Neukölln (Ortsteil), Berlin",1.300 €,"63,85 m²","<span class=""onlyLarge"">3</span>"
"Teichmummelring 67, Grünau, Berlin","1.426,87 €","95,66 m²","<span class=""onlyLarge"">3</span>"
"Nikolassee, Berlin",3.950 €,211 m²,"<span class=""onlyLarge"">6</span>"
"Windscheidstraße 4, Charlottenburg, Berlin",1.370 €,55 m²,"<span class=""onlyLarge"">2</span>"
"Moabit, Berlin",500 €,50 m²,"<span class=""onlyLarge"">2</span>"
"Charlottenburg, Berlin",470 €,72 m²,"<span class=""onlyLarge"">2</span>"
"Pankow (Ortsteil), Berlin",516 €,50 m²,"<span class=""onlyLarge"">2</span>"
"Schöneberg, Berlin",500 €,74 m²,"<span class=""onlyLarge"">2</span>"
"Moabit, Berlin",496 €,82 m²,"<span class=""onlyLarge"">2,5</span>"
"Gesundbrunnen, Berlin",627 €,72 m²,"<span class=""onlyLarge"">3</span>"
"Charlottenburg-Nord, Berlin",488 €,60 m²,"<span class=""onlyLarge"">2</span>"
"Wedding, Berlin",666 €,49 m²,"<span class=""onlyLarge"">2</span>"
"Friedrichshain, Berlin",750 €,85 m²,"<span class=""onlyLarge"">2</span>"
"Friedrichshain, Berlin",800 €,60 m²,"<span class=""onlyLarge"">2</span>"
"Prenzlauer Berg, Berlin",627 €,66 m²,"<span class=""onlyLarge"">3</span>"
"Prenzlauer Berg, Berlin",600 €,90 m²,"<span class=""onlyLarge"">3</span>"
"Kreuzberg, Berlin",500 €,49 m²,"<span class=""onlyLarge"">2</span>"
"Kreuzberg, Berlin",650 €,54 m²,"<span class=""onlyLarge"">2</span>"
"Prenzlauer Berg, Berlin",700 €,79 m²,"<span class=""onlyLarge"">3</span>"
"Neukölln (Ortsteil), Berlin",426 €,70 m²,"<span class=""onlyLarge"">2</span>"
"Neukölln (Ortsteil), Berlin",630 €,95 m²,"<span class=""onlyLarge"">3</span>"
"Niederschönhausen, Berlin",888 €,74 m²,"<span class=""onlyLarge"">2</span>"
"Keibelstraße 38, Mitte (Ortsteil), Berlin",1.200 €,"33,38 m²","<span class=""onlyLarge"">1,5</span>"
"Moabit, Berlin",460 €,36 m²,"<span class=""onlyLarge"">1</span>"
"Charlottenburg, Berlin",2.000 €,89 m²,"<span class=""onlyLarge"">2,5</span>"
"Schöneberg, Berlin",590 €,54 m²,"<span class=""onlyLarge"">2</span>"
"Wedding, Berlin",402 €,50 m²,"<span class=""onlyLarge"">2</span>"
"Prenzlauer Berg, Berlin",600 €,52 m²,"<span class=""onlyLarge"">2</span>"
"Kreuzberg, Berlin",350 €,46 m²,"<span class=""onlyLarge"">1</span>"
"Köpenick, Berlin",690 €,50 m²,"<span class=""onlyLarge"">1,5</span>"
"Neukölln (Ortsteil), Berlin",450 €,42 m²,"<span class=""onlyLarge"">1</span>"
"Zimmerstraße 94, Mitte (Ortsteil), Berlin",3.400 €,"119,44 m²","<span class=""onlyLarge"">4</span>"
"Kastanienallee 76, Prenzlauer Berg, Berlin",1.900 €,70 m²,"<span class=""onlyLarge"">2</span>"
"Düsseldorfer Str. 49, Wilmersdorf, Berlin",2.800 €,97 m²,"<span class=""onlyLarge"">3</span>"
"Johannisstraße 3, Mitte (Ortsteil), Berlin",1.899 €,86 m²,"<span class=""onlyLarge"">3</span>"
"Pankow (Ortsteil), Berlin",280 €,65 m²,"<span class=""onlyLarge"">3</span>"
"Moabit, Berlin",480 €,17 m²,"<span class=""onlyLarge"">1</span>"
"Charlottenburg, Berlin",450 €,33 m²,"<span class=""onlyLarge"">1</span>"
"Schöneberg, Berlin",1.250 €,70 m²,"<span class=""onlyLarge"">3</span>"
"Gesundbrunnen, Berlin",1.035 €,85 m²,"<span class=""onlyLarge"">3</span>"
"Friedrichshain, Berlin",800 €,25 m²,"<span class=""onlyLarge"">1</span>"
"Mitte (Ortsteil), Berlin",700 €,77 m²,"<span class=""onlyLarge"">3</span>"
"Prenzlauer Berg, Berlin",260 €,48 m²,"<span class=""onlyLarge"">2</span>"
"Kreuzberg, Berlin",310 €,40 m²,"<span class=""onlyLarge"">2</span>"
"Mitte (Ortsteil), Berlin",2.700 €,150 m²,"<span class=""onlyLarge"">5</span>"
"Neukölln (Ortsteil), Berlin",655 €,82 m²,"<span class=""onlyLarge"">3</span>"
"Leonore-Goldschmidt-Straße 3 3, Schmargendorf, Berlin",2.045 €,"102,11 m²","<span class=""onlyLarge"">4</span>"
"Helene-Jacobs-Straße 12 12, Schmargendorf, Berlin","2.420,04 €","114,24 m²","<span class=""onlyLarge"">4</span>"
"Kladow, Berlin",1.520 €,95 m²,"<span class=""onlyLarge"">2</span>"
"Karl-Marx-Straße 183, Neukölln (Ortsteil), Berlin",1.798 €,62 m²,"<span class=""onlyLarge"">1</span>"
"Dörpfeldstr. 5, Adlershof, Berlin","1.049,97 €","48,7 m²","<span class=""onlyLarge"">2</span>"
"Charlottenburg, Berlin",2.250 €,75 m²,"<span class=""onlyLarge"">3</span>"
"Schönwalder Str. 87, Spandau (Ortsteil), Berlin","1.499,73 €","85,65 m²","<span class=""onlyLarge"">3</span>"
"Flottwellstraße XX, Kreuzberg, Berlin",1.665 €,64 m²,"<span class=""onlyLarge"">2</span>"
"Staaken, Berlin",1.050 €,71 m²,"<span class=""onlyLarge"">2,5</span>"
"Pankow (Ortsteil), Berlin",730 €,58 m²,"<span class=""onlyLarge"">3</span>"
"Charlottenburg-Nord, Berlin",391 €,62 m²,"<span class=""onlyLarge"">2</span>"
"Schöneberg, Berlin",324 €,44 m²,"<span class=""onlyLarge"">1</span>"
"Wedding, Berlin",590 €,44 m²,"<span class=""onlyLarge"">1</span>"
"Friedrichshain, Berlin",1.302 €,86 m²,"<span class=""onlyLarge"">3</span>"
"Prenzlauer Berg, Berlin",690 €,70 m²,"<span class=""onlyLarge"">2</span>"
"Kreuzberg, Berlin",580 €,52 m²,"<span class=""onlyLarge"">2</span>"
"Mitte (Ortsteil), Berlin",1.800 €,100 m²,"<span class=""onlyLarge"">2,5</span>"
"Neukölln (Ortsteil), Berlin",520 €,63 m²,"<span class=""onlyLarge"">2</span>"
"Neue Schönholzer Str. 26, Pankow (Ortsteil), Berlin",900 €,59 m²,"<span class=""onlyLarge"">2</span>"
"Kantstraße 88, Charlottenburg, Berlin",400 €,50 m²,"<span class=""onlyLarge"">2</span>"
"Dirschauer Straße 10, Friedrichshain, Berlin",1.500 €,75 m²,"<span class=""onlyLarge"">3</span>"
"Heidenfeldstraße 5, Friedrichshain, Berlin",613 €,79 m²,"<span class=""onlyLarge"">2</span>"
"Schmargendorf, Berlin",8.500 €,197 m²,"<span class=""onlyLarge"">4</span>"
"Böckhstraße 15, Kreuzberg, Berlin",670 €,65 m²,"<span class=""onlyLarge"">2</span>"
"Möllendorffstraße 86, Lichtenberg (Ortsteil), Berlin",1.260 €,95 m²,"<span class=""onlyLarge"">4</span>"
"Krumme Straße 29, Charlottenburg, Berlin",800 €,90 m²,"<span class=""onlyLarge"">3</span>"
"Blücherstraße 32, Kreuzberg, Berlin",1.300 €,84 m²,"<span class=""onlyLarge"">2</span>"
"Giselastraße 33, Rummelsburg, Berlin",696 €,67 m²,"<span class=""onlyLarge"">2</span>"
"Tempelhofer Ufer 12, Kreuzberg, Berlin",1.650 €,74 m²,"<span class=""onlyLarge"">2</span>"
"Krausenstr. 37, Mitte (Ortsteil), Berlin",1.500 €,61 m²,"<span class=""onlyLarge"">2</span>"
"Hauptstraße 151, Schöneberg, Berlin",2.450 €,92 m²,"<span class=""onlyLarge"">4</span>"
"Mitte (Ortsteil), Berlin",1.975 €,79 m²,"<span class=""onlyLarge"">2</span>"
"Oranienburger Straße 60, Mitte (Ortsteil), Berlin",4.000 €,"113,25 m²","<span class=""onlyLarge"">3</span>"
"Malchower Weg 8, Alt-Hohenschönhausen, Berlin",572 €,62 m²,"<span class=""onlyLarge"">2</span>"
"Krefelder Straße 22, Moabit, Berlin",1.300 €,140 m²,"<span class=""onlyLarge"">4</span>"
"Treptower Straße B 61, Neukölln (Ortsteil), Berlin",461 €,66 m²,"<span class=""onlyLarge"">3</span>"
"Nordufer B 6, Wedding, Berlin",520 €,50 m²,"<span class=""onlyLarge"">2</span>"
"Scharnweberstraße 3, Reinickendorf (Ortsteil), Berlin",336 €,43 m²,"<span class=""onlyLarge"">1</span>"
"Malmöer Straße 19, Prenzlauer Berg, Berlin",480 €,39 m²,"<span class=""onlyLarge"">1,5</span>"
"Petersenweg 7, Spandau (Ortsteil), Berlin",405 €,58 m²,"<span class=""onlyLarge"">2</span>"
"Kapellensteig 2, Siemensstadt, Berlin",1.000 €,91 m²,"<span class=""onlyLarge"">4,5</span>"
"Pappelallee 47, Prenzlauer Berg, Berlin",990 €,50 m²,"<span class=""onlyLarge"">2</span>"
"Grünauer Straße  29, Köpenick, Berlin",1.599 €,"65,57 m²","<span class=""onlyLarge"">2</span>"
"Düppelstraße 28A, Steglitz, Berlin",1.150 €,51 m²,"<span class=""onlyLarge"">2</span>"
"Gervinusstr. 45, Charlottenburg, Berlin",1.205 €,"39,4 m²","<span class=""onlyLarge"">1</span>"
"Grünauer Straße 29, Köpenick, Berlin",1.999 €,"103,44 m²","<span class=""onlyLarge"">4</span>"
"Abendseglersteig 11, Rahnsdorf, Berlin",1.399 €,"89,7 m²","<span class=""onlyLarge"">4</span>"
"Kurfürstendamm 73, Charlottenburg, Berlin","1.363,63 €","73,71 m²","<span class=""onlyLarge"">2</span>"
"Unter den Eichen 96, Lichterfelde, Berlin",779 €,24 m²,"<span class=""onlyLarge"">1</span>"
"Breite Straße 42 B, Schmargendorf, Berlin",629 €,16 m²,"<span class=""onlyLarge"">1</span>"
"Jablonskistr.  37, Prenzlauer Berg, Berlin",1.460 €,"103,3 m²","<span class=""onlyLarge"">3</span>"
"Danziger Straße 73 (WE 045), Prenzlauer Berg, Berlin",2.599 €,"135,88 m²","<span class=""onlyLarge"">3</span>"
"Malchower Weg 8, Alt-Hohenschönhausen, Berlin",572 €,62 m²,"<span class=""onlyLarge"">2</span>"
"Krefelder Straße 22, Moabit, Berlin",1.300 €,140 m²,"<span class=""onlyLarge"">4</span>"
"Treptower Straße B 61, Neukölln (Ortsteil), Berlin",461 €,66 m²,"<span class=""onlyLarge"">3</span>"
"Nordufer B 6, Wedding, Berlin",520 €,50 m²,"<span class=""onlyLarge"">2</span>"
"Scharnweberstraße 3, Reinickendorf (Ortsteil), Berlin",336 €,43 m²,"<span class=""onlyLarge"">1</span>"
"Malmöer Straße 19, Prenzlauer Berg, Berlin",480 €,39 m²,"<span class=""onlyLarge"">1,5</span>"
"Petersenweg 7, Spandau (Ortsteil), Berlin",405 €,58 m²,"<span class=""onlyLarge"">2</span>"
"Kapellensteig 2, Siemensstadt, Berlin",1.000 €,91 m²,"<span class=""onlyLarge"">4,5</span>"
"Pappelallee 47, Prenzlauer Berg, Berlin",990 €,50 m²,"<span class=""onlyLarge"">2</span>"
"Grünauer Straße  29, Köpenick, Berlin",1.599 €,"65,57 m²","<span class=""onlyLarge"">2</span>"
"Düppelstraße 28A, Steglitz, Berlin",1.150 €,51 m²,"<span class=""onlyLarge"">2</span>"
"Gervinusstr. 45, Charlottenburg, Berlin",1.205 €,"39,4 m²","<span class=""onlyLarge"">1</span>"
"Wilhelm-Caspar-Wegely-Platz 10, Charlottenburg, Berlin",Price not found,Size not found,
"Grünauer Straße 29, Köpenick, Berlin",1.999 €,"103,44 m²","<span class=""onlyLarge"">4</span>"
"Abendseglersteig 11, Rahnsdorf, Berlin",1.399 €,"89,7 m²","<span class=""onlyLarge"">4</span>"
"Kurfürstendamm 73, Charlottenburg, Berlin","1.363,63 €","73,71 m²","<span class=""onlyLarge"">2</span>"
"Unter den Eichen 96, Lichterfelde, Berlin",779 €,24 m²,"<span class=""onlyLarge"">1</span>"
"Breite Straße 42 B, Schmargendorf, Berlin",629 €,16 m²,"<span class=""onlyLarge"">1</span>"
"Jablonskistr.  37, Prenzlauer Berg, Berlin",1.460 €,"103,3 m²","<span class=""onlyLarge"">3</span>"
"Danziger Straße 73 (WE 045), Prenzlauer Berg, Berlin",2.599 €,"135,88 m²","<span class=""onlyLarge"">3</span>"
"Immanuelkirchstraße 23, Prenzlauer Berg, Berlin",1.650 €,55 m²,"<span class=""onlyLarge"">2</span>"
"Kreuzberg, Berlin",2.150 €,106 m²,"<span class=""onlyLarge"">3</span>"
"Wallotstraße x, Grunewald, Berlin",1.050 €,34 m²,"<span class=""onlyLarge"">1</span>"
"Eylauerstraße 13, Kreuzberg, Berlin",1.814 €,63 m²,"<span class=""onlyLarge"">2</span>"
"Emdener Strasse 3, Moabit, Berlin",590 €,42 m²,"<span class=""onlyLarge"">1</span>"
"Prenzlauer Berg, Berlin",2.300 €,92 m²,"<span class=""onlyLarge"">3</span>"
"Frankfurter Allee 85, Friedrichshain, Berlin",330 €,49 m²,"<span class=""onlyLarge"">2</span>"
"Herrfurthplatz 8, Neukölln (Ortsteil), Berlin",798 €,39 m²,"<span class=""onlyLarge"">2</span>"
"Einbecker Straße 107, Friedrichsfelde, Berlin",790 €,86 m²,"<span class=""onlyLarge"">3</span>"
"Pritzwalker Straße 17, Moabit, Berlin","560,73 €","68,05 m²","<span class=""onlyLarge"">2</span>"
"Pritzwalker Straße 17, Moabit, Berlin","619,88 €","69,33 m²","<span class=""onlyLarge"">2</span>"
"Burgsdorfstraße 6, Wedding, Berlin",515 €,45 m²,"<span class=""onlyLarge"">1</span>"
"Conrad-Blenkle-Straße 49, Prenzlauer Berg, Berlin",429 €,37 m²,"<span class=""onlyLarge"">1,5</span>"
"Gneisenaustraße 56, Kreuzberg, Berlin",490 €,50 m²,"<span class=""onlyLarge"">1</span>"
"Falkenberger Chaussee 4d, Alt-Hohenschönhausen, Berlin","674,54 €","66,08 m²","<span class=""onlyLarge"">2</span>"
"Pankstraße 49, Gesundbrunnen, Berlin",1.000 €,92 m²,"<span class=""onlyLarge"">3</span>"
"Winsstraße 22, Prenzlauer Berg, Berlin",720 €,62 m²,"<span class=""onlyLarge"">2</span>"
"Platanenweg 54, Plänterwald, Berlin",445 €,60 m²,"<span class=""onlyLarge"">3</span>"
"Moabit, Berlin",1.350 €,64 m²,"<span class=""onlyLarge"">2,5</span>"
"Ufnaustraße 12, Moabit, Berlin",845 €,73 m²,"<span class=""onlyLarge"">2</span>"
"Bochumer Straße 0, Moabit, Berlin",1.950 €,63 m²,"<span class=""onlyLarge"">2</span>"
"Nikolassee, Berlin",3.000 €,156 m²,"<span class=""onlyLarge"">4</span>"
"Pfefferweg 6, Falkenhagener Feld, Berlin",900 €,"65,99 m²","<span class=""onlyLarge"">2</span>"
"Wilmersdorf, Berlin",3.499 €,100 m²,"<span class=""onlyLarge"">3</span>"
"Friedenau, Berlin",800 €,70 m²,"<span class=""onlyLarge"">2</span>"
"Gesundbrunnen, Berlin",700 €,62 m²,"<span class=""onlyLarge"">2,5</span>"
"Friedrichshain, Berlin",463 €,55 m²,"<span class=""onlyLarge"">2</span>"
"Prenzlauer Berg, Berlin",1.100 €,75 m²,"<span class=""onlyLarge"">3</span>"
"Kreuzberg, Berlin",280 €,43 m²,"<span class=""onlyLarge"">2</span>"
"Mitte (Ortsteil), Berlin",1.350 €,91 m²,"<span class=""onlyLarge"">3</span>"
"Neukölln (Ortsteil), Berlin",799 €,80 m²,"<span class=""onlyLarge"">2</span>"
"Hermannstraße 18, Neukölln (Ortsteil), Berlin",1.000 €,50 m²,"<span class=""onlyLarge"">2</span>"
"Czarnikauer Straße 2a, Prenzlauer Berg, Berlin",1.650 €,98 m²,"<span class=""onlyLarge"">2</span>"
"Nikolsburger Str. 4, Wilmersdorf, Berlin",1.540 €,78 m²,"<span class=""onlyLarge"">2</span>"
"Neukölln (Ortsteil), Berlin",1.122 €,"44,45 m²","<span class=""onlyLarge"">2</span>"
"Braunschweiger Str. 45, Neukölln (Ortsteil), Berlin",1.600 €,65 m²,"<span class=""onlyLarge"">3</span>"
"Schöneberg, Berlin",854 €,78 m²,"<span class=""onlyLarge"">3</span>"
"Wedding, Berlin",581 €,83 m²,"<span class=""onlyLarge"">2</span>"
"Friedrichshain, Berlin",2.200 €,133 m²,"<span class=""onlyLarge"">4</span>"
"Prenzlauer Berg, Berlin",540 €,36 m²,"<span class=""onlyLarge"">1</span>"
"Mühlenstraße 61-64, Friedrichshain, Berlin","3.037,88 €","121,52 m²","<span class=""onlyLarge"">4</span>"
"Abendseglersteig 57, Rahnsdorf, Berlin",999 €,"59,72 m²","<span class=""onlyLarge"">2</span>"
"Grünauer Straße  29, Köpenick, Berlin",1.999 €,"113,27 m²","<span class=""onlyLarge"">3,5</span>"
"Clara-Mleinek-Straße 3, Moabit, Berlin","1.486,14 €","63,24 m²","<span class=""onlyLarge"">2</span>"
"Heidestraße 36, Moabit, Berlin","2.088,45 €","88,87 m²","<span class=""onlyLarge"">3</span>"
"George-Stephenson-Straße 10, Moabit, Berlin","2.040,04 €","86,81 m²","<span class=""onlyLarge"">3</span>"
"George-Stephenson-Straße 10, Moabit, Berlin","2.019,12 €","85,92 m²","<span class=""onlyLarge"">3</span>"
"Geisbergstraße 7, Schöneberg, Berlin",13.500 €,310 m²,"<span class=""onlyLarge"">5</span>"
"Mühlenstraße 32, Friedrichshain, Berlin",1.600 €,65 m²,"<span class=""onlyLarge"">2</span>"
"Schloßstraße 54, Steglitz, Berlin","2.793,50 €",151 m²,"<span class=""onlyLarge"">4</span>"
"Tegeler Straße 8, Wedding, Berlin",1.764 €,"65,33 m²","<span class=""onlyLarge"">2</span>"
"Tegeler Straße 8, Wedding, Berlin",1.455 €,"53,91 m²","<span class=""onlyLarge"">2</span>"
"Mühlenstraße 61-64, Friedrichshain, Berlin","3.037,88 €","121,52 m²","<span class=""onlyLarge"">4</span>"
"Abendseglersteig 57, Rahnsdorf, Berlin",999 €,"59,72 m²","<span class=""onlyLarge"">2</span>"
"Grünauer Straße  29, Köpenick, Berlin",1.999 €,"113,27 m²","<span class=""onlyLarge"">3,5</span>"
"Clara-Mleinek-Straße 3, Moabit, Berlin","1.486,14 €","63,24 m²","<span class=""onlyLarge"">2</span>"
"Heidestraße 36, Moabit, Berlin","2.088,45 €","88,87 m²","<span class=""onlyLarge"">3</span>"
"George-Stephenson-Straße 10, Moabit, Berlin","2.040,04 €","86,81 m²","<span class=""onlyLarge"">3</span>"
"George-Stephenson-Straße 10, Moabit, Berlin","2.019,12 €","85,92 m²","<span class=""onlyLarge"">3</span>"
"Rennbahnstraße 83-84, Weißensee, Berlin",Price not found,Size not found,
"Grünauer Straße  29, Köpenick, Berlin",Price not found,Size not found,
"Geisbergstraße 7, Schöneberg, Berlin",13.500 €,310 m²,"<span class=""onlyLarge"">5</span>"
"Mühlenstraße 32, Friedrichshain, Berlin",1.600 €,65 m²,"<span class=""onlyLarge"">2</span>"
"Schloßstraße 54, Steglitz, Berlin","2.793,50 €",151 m²,"<span class=""onlyLarge"">4</span>"
"Tegeler Straße 8, Wedding, Berlin",1.764 €,"65,33 m²","<span class=""onlyLarge"">2</span>"
"Tegeler Straße 8, Wedding, Berlin",1.455 €,"53,91 m²","<span class=""onlyLarge"">2</span>"
"Bruno-Bürgel-Weg 18, Niederschöneweide, Berlin",800 €,74 m²,"<span class=""onlyLarge"">3</span>"
"Kantstraße 0, Charlottenburg, Berlin",875 €,105 m²,"<span class=""onlyLarge"">3</span>"
"Körnerstraße 2, Steglitz, Berlin",1.522 €,105 m²,"<span class=""onlyLarge"">4</span>"
"Pohlstraße 82, Tiergarten, Berlin",635 €,35 m²,"<span class=""onlyLarge"">1</span>"
"Prinzregentenstraße 7, Wilmersdorf, Berlin",1.295 €,56 m²,"<span class=""onlyLarge"">2</span>"
"Frohnau, Berlin","1.616,20 €","85,08 m²","<span class=""onlyLarge"">3</span>"
"Am Generalshof 15, Köpenick, Berlin",2.770 €,162 m²,"<span class=""onlyLarge"">4</span>"
"Köpenicker Landstraße 242, Baumschulenweg, Berlin",1.090 €,"50,46 m²","<span class=""onlyLarge"">1</span>"
"Renate-Privatstraße 11, Tempelhof, Berlin",500 €,65 m²,"<span class=""onlyLarge"">2,5</span>"
"Friedrichshain, Berlin",1.400 €,55 m²,"<span class=""onlyLarge"">2</span>"
"Pasewalker Straße 32, Französisch Buchholz, Berlin",1.000 €,49 m²,"<span class=""onlyLarge"">2</span>"
"Fasanenstrasse 49, Wilmersdorf, Berlin",1.250 €,42 m²,"<span class=""onlyLarge"">2</span>"
"Anklamer str 1, Mitte (Ortsteil), Berlin",800 €,52 m²,"<span class=""onlyLarge"">2</span>"
"Chausseestrasse 34, Mitte (Ortsteil), Berlin",1.568 €,64 m²,"<span class=""onlyLarge"">2</span>"
"kantstrasse 139, Charlottenburg, Berlin",3.100 €,178 m²,"<span class=""onlyLarge"">5,5</span>"
"Richard-Wagner-Straße 1, Charlottenburg, Berlin",1.950 €,80 m²,"<span class=""onlyLarge"">3</span>"
"Friedrichshain, Berlin",650 €,54 m²,"<span class=""onlyLarge"">2</span>"
"Stellingdamm 3, Köpenick, Berlin",2.090 €,190 m²,"<span class=""onlyLarge"">2</span>"
"Neue Bahnhofstraße 8, Friedrichshain, Berlin","2.768,78 €","190,95 m²","<span class=""onlyLarge"">5</span>"
"Pankow (Ortsteil), Berlin",2.300 €,"87,93 m²","<span class=""onlyLarge"">3</span>"
"Köhlerstraße 5, Lichterfelde, Berlin","3.108,60 €","172,7 m²","<span class=""onlyLarge"">4</span>"
"Drachenfelsstr. 1, Karlshorst, Berlin",1.260 €,84 m²,"<span class=""onlyLarge"">3</span>"
"Köhlerstraße 5, Lichterfelde, Berlin",2.856 €,"178,5 m²","<span class=""onlyLarge"">4</span>"
"Hölderlinstraße 11, Westend, Berlin",3.600 €,257 m²,"<span class=""onlyLarge"">6</span>"
"Dahlem, Berlin",2.600 €,105 m²,"<span class=""onlyLarge"">3</span>"
"Humboldtstraße 35, Grunewald, Berlin",4.500 €,202 m²,"<span class=""onlyLarge"">5</span>"
"Markstraße 12, Reinickendorf (Ortsteil), Berlin",2.712 €,"122,9 m²","<span class=""onlyLarge"">3</span>"
"Ilmenauer Str. 10b, Schmargendorf, Berlin","1.789,44 €","111,84 m²","<span class=""onlyLarge"">3</span>"
"Westfälische Str. 54, Halensee, Berlin",3.850 €,137 m²,"<span class=""onlyLarge"">4</span>"
"Friedrichshain, Berlin",1.800 €,86 m²,"<span class=""onlyLarge"">3</span>"
"Schönhauser Allee 187, Prenzlauer Berg, Berlin","2.545,60 €","118,4 m²","<span class=""onlyLarge"">3</span>"
"Willi-Sänger-Straße 7, Plänterwald, Berlin",1.168 €,"35,53 m²","<span class=""onlyLarge"">2</span>"
"Stallschreiberstraße 28, Mitte (Ortsteil), Berlin",3.000 €,109 m²,"<span class=""onlyLarge"">5</span>"
"Schnellerstraße 108, Niederschöneweide, Berlin",850 €,62 m²,"<span class=""onlyLarge"">2</span>"
"Pankow (Ortsteil), Berlin",1.250 €,47 m²,"<span class=""onlyLarge"">2</span>"
"Garibaldistraße 12, Wilhelmsruh, Berlin",1.245 €,83 m²,"<span class=""onlyLarge"">2</span>"
"Berliner Allee 114, Weißensee, Berlin","1.206,36 €","67,02 m²","<span class=""onlyLarge"">2</span>"
"Bielefelder Str. 11a, Wilmersdorf, Berlin",950 €,32 m²,"<span class=""onlyLarge"">1</span>"
"Rudow, Berlin",1.095 €,"55,16 m²","<span class=""onlyLarge"">2</span>"
"Pistoriusstraße 35-37, Weißensee, Berlin",1.650 €,"50,24 m²","<span class=""onlyLarge"">2</span>"
"Heidelberger Straße 37, Neukölln (Ortsteil), Berlin",750 €,32 m²,"<span class=""onlyLarge"">1</span>"
"Mitte (Ortsteil), Berlin","11.947,20 €",456 m²,"<span class=""onlyLarge"">4</span>"
"Friedrichshain, Berlin",1.420 €,110 m²,"<span class=""onlyLarge"">4</span>"
"Markgraf-Albrecht-Strasse 9, Halensee, Berlin",3.200 €,120 m²,"<span class=""onlyLarge"">3</span>"
"Tiergarten, Berlin",3.999 €,142 m²,"<span class=""onlyLarge"">3</span>"
"Köpenick, Berlin","2.770,20 €","145,8 m²","<span class=""onlyLarge"">4</span>"
"An der Villa Bolle 1, Köpenick, Berlin","1.911,01 €","112,46 m²","<span class=""onlyLarge"">5</span>"
"Wendenschloßstr. 262, Köpenick, Berlin","1.938,90 €","111,19 m²","<span class=""onlyLarge"">5</span>"
"Weverstr. 15, Wilhelmstadt, Berlin","460,09 €","47,53 m²","<span class=""onlyLarge"">2</span>"
"Zeppelinstr. 96, Falkenhagener Feld, Berlin","517,44 €","53,9 m²","<span class=""onlyLarge"">1,5</span>"
"Wichertstraße 52, Prenzlauer Berg, Berlin",610 €,50 m²,"<span class=""onlyLarge"">1</span>"
"Schnellerstraße 67, Niederschöneweide, Berlin","1.228,18 €","82,65 m²","<span class=""onlyLarge"">3</span>"
"Köpenick, Berlin",864 €,54 m²,"<span class=""onlyLarge"">2</span>"
"Tempelhofer Ufer 12, Kreuzberg, Berlin",2.200 €,67 m²,"<span class=""onlyLarge"">3</span>"
"Tegeler Straße 8, Wedding, Berlin",1.800 €,"67,32 m²","<span class=""onlyLarge"">2</span>"
"Charlottenburg, Berlin",1.995 €,110 m²,"<span class=""onlyLarge"">2</span>"
"Boxhagener Straße 0, Friedrichshain, Berlin",1.400 €,77 m²,"<span class=""onlyLarge"">3</span>"
"Oberschöneweide, Berlin",1.638 €,63 m²,"<span class=""onlyLarge"">3</span>"
"Stralauer Allee 13, Friedrichshain, Berlin",1.799 €,60 m²,"<span class=""onlyLarge"">2</span>"
"Michelangelostraße 95, Prenzlauer Berg, Berlin",550 €,60 m²,"<span class=""onlyLarge"">2</span>"
"Mörchinger Straße 38, Zehlendorf, Berlin",1.800 €,87 m²,"<span class=""onlyLarge"">3</span>"
"Lützowstraße 63, Tiergarten, Berlin",1.450 €,75 m²,"<span class=""onlyLarge"">2</span>"
"Westend, Berlin",5.750 €,222 m²,"<span class=""onlyLarge"">5</span>"
"Mitte (Ortsteil), Berlin",1.690 €,50 m²,"<span class=""onlyLarge"">2</span>"
"Köpenick, Berlin",1.350 €,30 m²,"<span class=""onlyLarge"">1</span>"
"Röbellweg 2, Buch, Berlin",1.540 €,"153,39 m²","<span class=""onlyLarge"">3</span>"
"Röbellweg 2, Buch, Berlin",2.194 €,"218,31 m²","<span class=""onlyLarge"">4</span>"
"Zwinglistraße 34, Moabit, Berlin",1.880 €,82 m²,"<span class=""onlyLarge"">2</span>"
"Am Kutscherhaus 3, Köpenick, Berlin",1.300 €,50 m²,"<span class=""onlyLarge"">2</span>"
"Rahnsdorf, Berlin",2.550 €,"140,38 m²","<span class=""onlyLarge"">4</span>"
"Moabit, Berlin","2.360,66 €","100,49 m²","<span class=""onlyLarge"">3</span>"
"Residenzstraße 21, Reinickendorf (Ortsteil), Berlin",650 €,"54,14 m²","<span class=""onlyLarge"">2</span>"
"Wilmersdorf, Berlin",3.360 €,160 m²,"<span class=""onlyLarge"">5</span>"
"Friedrichshallerstr 42a, Schmargendorf, Berlin",1.200 €,75 m²,"<span class=""onlyLarge"">2</span>"
"Alt-Treptow, Berlin",1.305 €,"37,6 m²","<span class=""onlyLarge"">1,5</span>"
"Thürnagelstraße 24, Köpenick, Berlin",1.800 €,73 m²,"<span class=""onlyLarge"">3</span>"
"Am Postbahnhof 23, Friedrichshain, Berlin",1.292 €,68 m²,"<span class=""onlyLarge"">2</span>"
"Prenzlauer Allee 228, Prenzlauer Berg, Berlin",2.150 €,90 m²,"<span class=""onlyLarge"">3</span>"
"Prenzlauer Berg, Berlin",1.600 €,70 m²,"<span class=""onlyLarge"">3</span>"
"Konradshöhe, Berlin","820,80 €","68,4 m²","<span class=""onlyLarge"">2</span>"
"Kurfürstenstraße 124, Schöneberg, Berlin",1.600 €,55 m²,"<span class=""onlyLarge"">2</span>"
"Schwedter Straße 78, Prenzlauer Berg, Berlin",1.849 €,77 m²,"<span class=""onlyLarge"">3</span>"
"Teltower Damm 56 - 58, Zehlendorf, Berlin",1.409 €,"100,77 m²","<span class=""onlyLarge"">3</span>"
"Fehlerstrasse 8, Friedenau, Berlin",1.900 €,120 m²,"<span class=""onlyLarge"">1</span>"
"Mitte (Ortsteil), Berlin",1.500 €,87 m²,"<span class=""onlyLarge"">1</span>"
"Newtonstraße 11f, Adlershof, Berlin",970 €,"84,39 m²","<span class=""onlyLarge"">2</span>"
"Hannoversche Strasse 2, Mitte (Ortsteil), Berlin","2.346,55 €","160,24 m²","<span class=""onlyLarge"">3</span>"
"Friedenau, Berlin",1.900 €,120 m²,"<span class=""onlyLarge"">1</span>"
"Lydia-Rabinowitsch-Straße 24, Moabit, Berlin",1.900 €,"71,28 m²","<span class=""onlyLarge"">3</span>"
"Kastanienallee 4, Prenzlauer Berg, Berlin","3.612,24 €","222,39 m²","<span class=""onlyLarge"">5</span>"
"Charlottenburg, Berlin",2.106 €,90 m²,"<span class=""onlyLarge"">2</span>"
"Schlegelstr. 22, Mitte (Ortsteil), Berlin",1.900 €,"77,4 m²","<span class=""onlyLarge"">3</span>"
"Ella-Kay-Straße 22b, Prenzlauer Berg, Berlin",2.700 €,94 m²,"<span class=""onlyLarge"">3</span>"
"Französisch Buchholz, Berlin",2.415 €,105 m²,"<span class=""onlyLarge"">3</span>"
"Otto-Suhr-Allee 65, Charlottenburg, Berlin",1.200 €,42 m²,"<span class=""onlyLarge"">1</span>"
"Dorotheenstraße 83, Mitte (Ortsteil), Berlin",2.300 €,56 m²,"<span class=""onlyLarge"">2</span>"
"Proskauer Straße 8C, Friedrichshain, Berlin",1.100 €,"30,64 m²","<span class=""onlyLarge"">1</span>"
"Lychener Straße 0, Prenzlauer Berg, Berlin",1.140 €,45 m²,"<span class=""onlyLarge"">1</span>"
"Schöneberger Ufer 5, Kreuzberg, Berlin",1.300 €,"31,18 m²","<span class=""onlyLarge"">1</span>"
"Schöneberger Ufer 5, Kreuzberg, Berlin",1.910 €,"51,2 m²","<span class=""onlyLarge"">2</span>"
"Lützowstraße 111, Tiergarten, Berlin",2.550 €,83 m²,"<span class=""onlyLarge"">3</span>"
"Waldemarstr. 0, Niederschönhausen, Berlin",1.050 €,"55,52 m²","<span class=""onlyLarge"">2</span>"
"Wendenschloßstr. 254, Köpenick, Berlin","1.587,65 €","94,89 m²","<span class=""onlyLarge"">4</span>"
"Friedrichshain, Berlin",900 €,42 m²,"<span class=""onlyLarge"">1</span>"
"Südekumzeile 29a, Staaken, Berlin","779,58 €","62,92 m²","<span class=""onlyLarge"">2</span>"
"Pankstr. 62, Gesundbrunnen, Berlin","2.525,52 €","150,15 m²","<span class=""onlyLarge"">4</span>"
"Niemetzstraße 16, Neukölln (Ortsteil), Berlin",1.800 €,90 m²,"<span class=""onlyLarge"">3</span>"
"Hielscherstraße 34, Wilhelmsruh, Berlin",693 €,63 m²,"<span class=""onlyLarge"">2</span>"
"Am Kleinen Wannsee 15, Wannsee, Berlin",2.152 €,"107,6 m²","<span class=""onlyLarge"">3</span>"
"Wilhelmstadt, Berlin",1.250 €,105 m²,"<span class=""onlyLarge"">4</span>"
"Gesundbrunnen, Berlin",1.450 €,101 m²,"<span class=""onlyLarge"">2,5</span>"
"Prenzlauer Berg, Berlin",1.150 €,40 m²,"<span class=""onlyLarge"">1</span>"
"Behringstr. 29, Baumschulenweg, Berlin",2.040 €,"104,11 m²","<span class=""onlyLarge"">4</span>"
"Buttenstedtweg 25, Friedrichshagen, Berlin",1.240 €,62 m²,"<span class=""onlyLarge"">2</span>"
"Müggelseedamm 270, Friedrichshagen, Berlin","1.655,40 €","55,18 m²","<span class=""onlyLarge"">2</span>"
"Weißensee, Berlin",900 €,"43,67 m²","<span class=""onlyLarge"">1</span>"
"Am Köllnischen Park 11, Mitte (Ortsteil), Berlin",1.500 €,"55,26 m²","<span class=""onlyLarge"">2</span>"
"Jahnstrasse 15, Kreuzberg, Berlin",3.290 €,117 m²,"<span class=""onlyLarge"">3</span>"
"Spilstrasse 10, Dahlem, Berlin",1.199 €,"76,42 m²","<span class=""onlyLarge"">2</span>"
"Prenzlauer Promenade 49E, Pankow (Ortsteil), Berlin",1.990 €,"87,08 m²","<span class=""onlyLarge"">3</span>"
"Prenzlauer Allee 35, Prenzlauer Berg, Berlin",1.600 €,55 m²,"<span class=""onlyLarge"">2</span>"
"Fanningerstr. 61, Lichtenberg (Ortsteil), Berlin",1.465 €,"64,5 m²","<span class=""onlyLarge"">2</span>"
"Sophie-Charlotten-Straße 115, Charlottenburg, Berlin",1.725 €,75 m²,"<span class=""onlyLarge"">2</span>"
"Leibnizstraße 16, Charlottenburg, Berlin",1.200 €,31 m²,"<span class=""onlyLarge"">1</span>"
"Friedenau, Berlin",2.333 €,146 m²,"<span class=""onlyLarge"">4,5</span>"
"Schumannstrasse 1b, Mitte (Ortsteil), Berlin",2.140 €,"133,87 m²","<span class=""onlyLarge"">5</span>"
